frame,wall_seconds,cpu_ms,gpu_ms,rays_per_second,rays_cast,strategy,strategy_id,delta_time_seconds,min_samples_per_pixel,max_samples_per_pixel,primitive_activations,primitive_deactivations,object_activations,object_deactivations,active_primitives,resident_primitives,total_primitives,active_triangles,resident_triangles,total_triangles,active_nodes,resident_nodes,total_nodes,active_objects,resident_objects,gpu_memory_mb,texture_memory_cap_mb,over_memory_cap,residency_compacted,accumulation_reset,ray_hit_decay,state_cooldown_frames,lod_toggle_budget,energy_toggle_budget,screen_toggle_budget,rayhit_toggle_budget,rayhit_target_fraction,rayhit_min_active,rayhit_rebuild_cooldown,lod_enter_distance,lod_exit_distance,energy_target_fraction,energy_min_active,energy_visibility_boost,screen_target_fraction,screen_min_pixels,screen_min_active
0,0.115367,14.774,27.806,18643737.63,518400,"Always resident",4,0.000000,1,4,0,0,0,0,27749,27749,27749,27741,27741,27741,9751,9751,9751,14,14,16.609,512.000,0,0,1,0.850,1,10000,32,10,12,0.600,16,6,50.000,75.000,0.900,16,1.750,0.650,32.000,16
1,0.134678,0.563,35.725,14510897.52,518400,"Always resident",4,0.000000,1,4,0,0,0,0,27749,27749,27749,27741,27741,27741,9751,9751,9751,14,14,47.188,512.000,0,0,1,0.850,1,10000,32,10,12,0.600,16,6,50.000,75.000,0.900,16,1.750,0.650,32.000,16
2,0.163622,10.710,56.256,9215010.25,518400,"Always resident",4,0.000000,1,4,0,0,0,0,27749,27749,27749,27741,27741,27741,9751,9751,9751,14,14,63.250,512.000,0,0,1,0.850,1,10000,32,10,12,0.600,16,6,50.000,75.000,0.900,16,1.750,0.650,32.000,16
3,0.188825,22.185,67.093,7726574.07,518400,"Always resident",4,0.000000,1,4,0,0,0,0,27749,27749,27749,27741,27741,27741,9751,9751,9751,14,14,79.312,512.000,0,0,1,0.850,1,10000,32,10,12,0.600,16,6,50.000,75.000,0.900,16,1.750,0.650,32.000,16
4,0.220948,10.309,84.219,6155401.93,518400,"Always resident",4,0.000000,1,4,0,0,0,0,27749,27749,27749,27741,27741,27741,9751,9751,9751,14,14,95.375,512.000,0,0,1,0.850,1,10000,32,10,12,0.600,16,6,50.000,75.000,0.900,16,1.750,0.650,32.000,16
5,0.259336,48.706,103.875,4990599.70,518400,"Always resident",4,0.000000,1,4,0,0,0,0,27749,27749,27749,27741,27741,27741,9751,9751,9751,14,14,95.375,512.000,0,0,1,0.850,1,10000,32,10,12,0.600,16,6,50.000,75.000,0.900,16,1.750,0.650,32.000,16
6,0.296885,86.249,100.062,5180794.39,518400,"Always resident",4,0.000000,1,4,0,0,0,0,27749,27749,27749,27741,27741,27741,9751,9751,9751,14,14,95.375,512.000,0,0,1,0.850,1,10000,32,10,12,0.600,16,6,50.000,75.000,0.900,16,1.750,0.650,32.000,16
7,0.340844,18.711,132.866,3901668.03,518400,"Always resident",4,0.000000,1,4,0,0,0,0,27749,27749,27749,27741,27741,27741,9751,9751,9751,14,14,79.312,512.000,0,0,1,0.850,1,10000,32,10,12,0.600,16,6,50.000,75.000,0.900,16,1.750,0.650,32.000,16
8,0.394946,28.066,86.586,5987093.79,518400,"Always resident",4,0.000000,1,4,0,0,0,0,27749,27749,27749,27741,27741,27741,9751,9751,9751,14,14,79.312,512.000,0,0,1,0.850,1,10000,32,10,12,0.600,16,6,50.000,75.000,0.900,16,1.750,0.650,32.000,16
9,0.462913,51.936,104.872,4943159.00,518400,"Always resident",4,0.000000,1,4,0,0,0,0,27749,27749,27749,27741,27741,27741,9751,9751,9751,14,14,79.312,512.000,0,0,1,0.850,1,10000,32,10,12,0.600,16,6,50.000,75.000,0.900,16,1.750,0.650,32.000,16
10,0.550235,70.732,139.623,3712868.63,518400,"Always resident",4,0.000000,1,4,0,0,0,0,27749,27749,27749,27741,27741,27741,9751,9751,9751,14,14,79.312,512.000,0,0,1,0.850,1,10000,32,10,12,0.600,16,6,50.000,75.000,0.900,16,1.750,0.650,32.000,16
11,0.610143,47.016,132.587,3909880.67,518400,"Always resident",4,0.000000,1,4,0,0,0,0,27749,27749,27749,27741,27741,27741,9751,9751,9751,14,14,79.312,512.000,0,0,1,0.850,1,10000,32,10,12,0.600,16,6,50.000,75.000,0.900,16,1.750,0.650,32.000,16
12,0.652436,24.432,94.082,5510086.95,518400,"Always resident",4,0.000000,1,4,0,0,0,0,27749,27749,27749,27741,27741,27741,9751,9751,9751,14,14,79.312,512.000,0,0,1,0.850,1,10000,32,10,12,0.600,16,6,50.000,75.000,0.900,16,1.750,0.650,32.000,16
13,0.692988,31.940,68.135,7608452.37,518400,"Always resident",4,0.000000,1,4,0,0,0,0,27749,27749,27749,27741,27741,27741,9751,9751,9751,14,14,79.312,512.000,0,0,1,0.850,1,10000,32,10,12,0.600,16,6,50.000,75.000,0.900,16,1.750,0.650,32.000,16
14,0.727360,15.305,69.577,7450782.66,518400,"Always resident",4,0.000000,1,4,0,0,0,0,27749,27749,27749,27741,27741,27741,9751,9751,9751,14,14,79.312,512.000,0,0,1,0.850,1,10000,32,10,12,0.600,16,6,50.000,75.000,0.900,16,1.750,0.650,32.000,16
15,0.762690,16.163,54.814,9457373.18,518400,"Always resident",4,0.000000,1,4,0,0,0,0,27749,27749,27749,27741,27741,27741,9751,9751,9751,14,14,79.312,512.000,0,0,1,0.850,1,10000,32,10,12,0.600,16,6,50.000,75.000,0.900,16,1.750,0.650,32.000,16
16,0.796710,15.917,54.589,9496338.96,518400,"Always resident",4,0.000000,1,4,0,0,0,0,27749,27749,27749,27741,27741,27741,9751,9751,9751,14,14,79.312,512.000,0,0,1,0.850,1,10000,32,10,12,0.600,16,6,50.000,75.000,0.900,16,1.750,0.650,32.000,16
17,0.829121,16.224,53.107,9761501.64,518400,"Always resident",4,0.000000,1,4,0,0,0,0,27749,27749,27749,27741,27741,27741,9751,9751,9751,14,14,79.312,512.000,0,0,1,0.850,1,10000,32,10,12,0.600,16,6,50.000,75.000,0.900,16,1.750,0.650,32.000,16
18,0.860063,13.067,51.169,10131051.58,518400,"Always resident",4,0.000000,1,4,0,0,0,0,27749,27749,27749,27741,27741,27741,9751,9751,9751,14,14,79.312,512.000,0,0,1,0.850,1,10000,32,10,12,0.600,16,6,50.000,75.000,0.900,16,1.750,0.650,32.000,16
19,0.893656,12.682,51.360,10093539.83,518400,"Always resident",4,0.000000,1,4,0,0,0,0,27749,27749,27749,27741,27741,27741,9751,9751,9751,14,14,79.312,512.000,0,0,1,0.850,1,10000,32,10,12,0.600,16,6,50.000,75.000,0.900,16,1.750,0.650,32.000,16
20,0.926001,12.703,48.224,10749750.51,518400,"Always resident",4,0.000000,1,4,0,0,0,0,27749,27749,27749,27741,27741,27741,9751,9751,9751,14,14,79.312,512.000,0,0,1,0.850,1,10000,32,10,12,0.600,16,6,50.000,75.000,0.900,16,1.750,0.650,32.000,16
21,0.958409,11.302,49.451,10483157.49,518400,"Always resident",4,0.000000,1,4,0,0,0,0,27749,27749,27749,27741,27741,27741,9751,9751,9751,14,14,79.312,512.000,0,0,1,0.850,1,10000,32,10,12,0.600,16,6,50.000,75.000,0.900,16,1.750,0.650,32.000,16
22,0.991680,11.536,46.581,11129080.73,518400,"Always resident",4,0.000000,1,4,0,0,0,0,27749,27749,27749,27741,27741,27741,9751,9751,9751,14,14,79.312,512.000,0,0,1,0.850,1,10000,32,10,12,0.600,16,6,50.000,75.000,0.900,16,1.750,0.650,32.000,16
23,1.023230,10.425,48.311,10730493.98,518400,"Always resident",4,0.000000,1,4,0,0,0,0,27749,27749,27749,27741,27741,27741,9751,9751,9751,14,14,79.312,512.000,0,0,1,0.850,1,10000,32,10,12,0.600,16,6,50.000,75.000,0.900,16,1.750,0.650,32.000,16
24,1.054690,28.127,46.746,11089718.90,518400,"Always resident",4,0.000000,1,4,0,0,0,0,27749,27749,27749,27741,27741,27741,9751,9751,9751,14,14,79.312,512.000,0,0,1,0.850,1,10000,32,10,12,0.600,16,6,50.000,75.000,0.900,16,1.750,0.650,32.000,16
25,1.087198,26.696,62.750,8261414.92,518400,"Always resident",4,0.000000,1,4,0,0,0,0,27749,27749,27749,27741,27741,27741,9751,9751,9751,14,14,79.312,512.000,0,0,1,0.850,1,10000,32,10,12,0.600,16,6,50.000,75.000,0.900,16,1.750,0.650,32.000,16
26,1.117504,22.092,59.751,8675957.02,518400,"Always resident",4,0.000000,1,4,0,0,0,0,27749,27749,27749,27741,27741,27741,9751,9751,9751,14,14,79.312,512.000,0,0,1,0.850,1,10000,32,10,12,0.600,16,6,50.000,75.000,0.900,16,1.750,0.650,32.000,16
27,1.149494,21.222,58.159,8913438.29,518400,"Always resident",4,0.000000,1,4,0,0,0,0,27749,27749,27749,27741,27741,27741,9751,9751,9751,14,14,79.312,512.000,0,0,1,0.850,1,10000,32,10,12,0.600,16,6,50.000,75.000,0.900,16,1.750,0.650,32.000,16
28,1.180458,16.547,55.906,9272652.47,518400,"Always resident",4,0.000000,1,4,0,0,0,0,27749,27749,27749,27741,27741,27741,9751,9751,9751,14,14,79.312,512.000,0,0,1,0.850,1,10000,32,10,12,0.600,16,6,50.000,75.000,0.900,16,1.750,0.650,32.000,16
29,1.212061,16.272,53.373,9712798.86,518400,"Always resident",4,0.000000,1,4,0,0,0,0,27749,27749,27749,27741,27741,27741,9751,9751,9751,14,14,79.312,512.000,0,0,1,0.850,1,10000,32,10,12,0.600,16,6,50.000,75.000,0.900,16,1.750,0.650,32.000,16
30,1.243178,12.959,51.790,10009630.22,518400,"Always resident",4,0.000000,1,4,0,0,0,0,27749,27749,27749,27741,27741,27741,9751,9751,9751,14,14,79.312,512.000,0,0,1,0.850,1,10000,32,10,12,0.600,16,6,50.000,75.000,0.900,16,1.750,0.650,32.000,16
31,1.274745,10.658,49.415,10490777.05,518400,"Always resident",4,0.000000,1,4,0,0,0,0,27749,27749,27749,27741,27741,27741,9751,9751,9751,14,14,79.312,512.000,0,0,1,0.850,1,10000,32,10,12,0.600,16,6,50.000,75.000,0.900,16,1.750,0.650,32.000,16
32,1.306288,8.575,47.390,10939035.91,518400,"Always resident",4,0.000000,1,4,0,0,0,0,27749,27749,27749,27741,27741,27741,9751,9751,9751,14,14,79.312,512.000,0,0,1,0.850,1,10000,32,10,12,0.600,16,6,50.000,75.000,0.900,16,1.750,0.650,32.000,16
33,1.338609,26.609,46.309,11194458.91,518400,"Always resident",4,0.000000,1,4,0,0,0,0,27749,27749,27749,27741,27741,27741,9751,9751,9751,14,14,79.312,512.000,0,0,1,0.850,1,10000,32,10,12,0.600,16,6,50.000,75.000,0.900,16,1.750,0.650,32.000,16
34,1.369382,23.632,61.507,8428326.11,518400,"Always resident",4,0.000000,1,4,0,0,0,0,27749,27749,27749,27741,27741,27741,9751,9751,9751,14,14,79.312,512.000,0,0,1,0.850,1,10000,32,10,12,0.600,16,6,50.000,75.000,0.900,16,1.750,0.650,32.000,16
35,1.399735,20.441,58.079,8925799.13,518400,"Always resident",4,0.000000,1,4,0,0,0,0,27749,27749,27749,27741,27741,27741,9751,9751,9751,14,14,79.312,512.000,0,0,1,0.850,1,10000,32,10,12,0.600,16,6,50.000,75.000,0.900,16,1.750,0.650,32.000,16
36,1.432251,18.495,57.414,9029084.57,518400,"Always resident",4,0.000000,1,4,0,0,0,0,27749,27749,27749,27741,27741,27741,9751,9751,9751,14,14,79.312,512.000,0,0,1,0.850,1,10000,32,10,12,0.600,16,6,50.000,75.000,0.900,16,1.750,0.650,32.000,16
37,1.464883,19.685,54.384,9532200.75,518400,"Always resident",4,0.000000,1,4,0,0,0,0,27749,27749,27749,27741,27741,27741,9751,9751,9751,14,14,79.312,512.000,0,0,1,0.850,1,10000,32,10,12,0.600,16,6,50.000,75.000,0.900,16,1.750,0.650,32.000,16
38,1.495811,16.877,54.084,9585023.39,518400,"Always resident",4,0.000000,1,4,0,0,0,0,27749,27749,27749,27741,27741,27741,9751,9751,9751,14,14,79.312,512.000,0,0,1,0.850,1,10000,32,10,12,0.600,16,6,50.000,75.000,0.900,16,1.750,0.650,32.000,16
39,1.526065,13.806,50.905,10183717.16,518400,"Always resident",4,0.000000,1,4,0,0,0,0,27749,27749,27749,27741,27741,27741,9751,9751,9751,14,14,79.312,512.000,0,0,1,0.850,1,10000,32,10,12,0.600,16,6,50.000,75.000,0.900,16,1.750,0.650,32.000,16
40,1.558302,11.232,49.955,10377330.95,518400,"Always resident",4,0.000000,1,4,0,0,0,0,27749,27749,27749,27741,27741,27741,9751,9751,9751,14,14,79.312,512.000,0,0,1,0.850,1,10000,32,10,12,0.600,16,6,50.000,75.000,0.900,16,1.750,0.650,32.000,16
41,1.590890,10.809,46.192,11222722.55,518400,"Always resident",4,0.000000,1,4,0,0,0,0,27749,27749,27749,27741,27741,27741,9751,9751,9751,14,14,79.312,512.000,0,0,1,0.850,1,10000,32,10,12,0.600,16,6,50.000,75.000,0.900,16,1.750,0.650,32.000,16
42,1.622690,8.983,47.410,10934459.68,518400,"Always resident",4,0.000000,1,4,0,0,0,0,27749,27749,27749,27741,27741,27741,9751,9751,9751,14,14,79.312,512.000,0,0,1,0.850,1,10000,32,10,12,0.600,16,6,50.000,75.000,0.900,16,1.750,0.650,32.000,16
43,1.655679,27.779,46.873,11059593.23,518400,"Always resident",4,0.000000,1,4,0,0,0,0,27749,27749,27749,27741,27741,27741,9751,9751,9751,14,14,79.312,512.000,0,0,1,0.850,1,10000,32,10,12,0.600,16,6,50.000,75.000,0.900,16,1.750,0.650,32.000,16
44,1.686940,24.219,62.477,8297503.26,518400,"Always resident",4,0.000000,1,4,0,0,0,0,27749,27749,27749,27741,27741,27741,9751,9751,9751,14,14,79.312,512.000,0,0,1,0.850,1,10000,32,10,12,0.600,16,6,50.000,75.000,0.900,16,1.750,0.650,32.000,16
45,1.717448,19.463,59.457,8718936.65,518400,"Always resident",4,0.000000,1,4,0,0,0,0,27749,27749,27749,27741,27741,27741,9751,9751,9751,14,14,79.312,512.000,0,0,1,0.850,1,10000,32,10,12,0.600,16,6,50.000,75.000,0.900,16,1.750,0.650,32.000,16
46,1.749540,20.192,57.316,9044555.43,518400,"Always resident",4,0.000000,1,4,0,0,0,0,27749,27749,27749,27741,27741,27741,9751,9751,9751,14,14,79.312,512.000,0,0,1,0.850,1,10000,32,10,12,0.600,16,6,50.000,75.000,0.900,16,1.750,0.650,32.000,16
47,1.778063,15.055,51.133,10138332.96,518400,"Always resident",4,0.000000,1,4,0,0,0,0,27749,27749,27749,27741,27741,27741,9751,9751,9751,14,14,79.312,512.000,0,0,1,0.850,1,10000,32,10,12,0.600,16,6,50.000,75.000,0.900,16,1.750,0.650,32.000,16
48,1.809072,11.866,50.211,10324379.49,518400,"Always resident",4,0.000000,1,4,0,0,0,0,27749,27749,27749,27741,27741,27741,9751,9751,9751,14,14,79.312,512.000,0,0,1,0.850,1,10000,32,10,12,0.600,16,6,50.000,75.000,0.900,16,1.750,0.650,32.000,16
49,1.837997,7.627,42.549,12183623.93,518400,"Always resident",4,0.000000,1,4,0,0,0,0,27749,27749,27749,27741,27741,27741,9751,9751,9751,14,14,79.312,512.000,0,0,1,0.850,1,10000,32,10,12,0.600,16,6,50.000,75.000,0.900,16,1.750,0.650,32.000,16
50,1.866086,20.402,40.539,12787725.37,518400,"Always resident",4,0.000000,1,4,0,0,0,0,27749,27749,27749,27741,27741,27741,9751,9751,9751,14,14,79.312,512.000,0,0,1,0.850,1,10000,32,10,12,0.600,16,6,50.000,75.000,0.900,16,1.750,0.650,32.000,16
51,1.896611,16.324,54.923,9438668.68,518400,"Always resident",4,0.000000,1,4,0,0,0,0,27749,27749,27749,27741,27741,27741,9751,9751,9751,14,14,79.312,512.000,0,0,1,0.850,1,10000,32,10,12,0.600,16,6,50.000,75.000,0.900,16,1.750,0.650,32.000,16
52,1.924018,9.418,46.532,11140830.10,518400,"Always resident",4,0.000000,1,4,0,0,0,0,27749,27749,27749,27741,27741,27741,9751,9751,9751,14,14,79.312,512.000,0,0,1,0.850,1,10000,32,10,12,0.600,16,6,50.000,75.000,0.900,16,1.750,0.650,32.000,16
53,1.953672,24.060,44.588,11626479.17,518400,"Always resident",4,0.000000,1,4,0,0,0,0,27749,27749,27749,27741,27741,27741,9751,9751,9751,14,14,79.312,512.000,0,0,1,0.850,1,10000,32,10,12,0.600,16,6,50.000,75.000,0.900,16,1.750,0.650,32.000,16
54,1.980147,17.829,54.760,9466764.06,518400,"Always resident",4,0.000000,1,4,0,0,0,0,27749,27749,27749,27741,27741,27741,9751,9751,9751,14,14,79.312,512.000,0,0,1,0.850,1,10000,32,10,12,0.600,16,6,50.000,75.000,0.900,16,1.750,0.650,32.000,16
55,2.008043,12.226,49.614,10448611.03,518400,"Always resident",4,0.000000,1,4,0,0,0,0,27749,27749,27749,27741,27741,27741,9751,9751,9751,14,14,79.312,512.000,0,0,1,0.850,1,10000,32,10,12,0.600,16,6,50.000,75.000,0.900,16,1.750,0.650,32.000,16
56,2.033585,20.210,39.325,13182579.62,518400,"Always resident",4,0.000000,1,4,0,0,0,0,27749,27749,27749,27741,27741,27741,9751,9751,9751,14,14,79.312,512.000,0,0,1,0.850,1,10000,32,10,12,0.600,16,6,50.000,75.000,0.900,16,1.750,0.650,32.000,16
57,2.060198,12.207,51.319,10101603.87,518400,"Always resident",4,0.000000,1,4,0,0,0,0,27749,27749,27749,27741,27741,27741,9751,9751,9751,14,14,79.312,512.000,0,0,1,0.850,1,10000,32,10,12,0.600,16,6,50.000,75.000,0.900,16,1.750,0.650,32.000,16
58,2.085214,6.019,42.941,12072436.94,518400,"Always resident",4,0.000000,1,4,0,0,0,0,27749,27749,27749,27741,27741,27741,9751,9751,9751,14,14,79.312,512.000,0,0,1,0.850,1,10000,32,10,12,0.600,16,6,50.000,75.000,0.900,16,1.750,0.650,32.000,16
59,2.109589,13.560,34.363,15086103.43,518400,"Always resident",4,0.000000,1,4,0,0,0,0,27749,27749,27749,27741,27741,27741,9751,9751,9751,14,14,79.312,512.000,0,0,1,0.850,1,10000,32,10,12,0.600,16,6,50.000,75.000,0.900,16,1.750,0.650,32.000,16
60,2.137056,7.027,44.921,11540355.89,518400,"Always resident",4,0.000000,1,4,0,0,0,0,27749,27749,27749,27741,27741,27741,9751,9751,9751,14,14,79.312,512.000,0,0,1,0.850,1,10000,32,10,12,0.600,16,6,50.000,75.000,0.900,16,1.750,0.650,32.000,16
61,2.161610,15.221,34.338,15097032.08,518400,"Always resident",4,0.000000,1,4,0,0,0,0,27749,27749,27749,27741,27741,27741,9751,9751,9751,14,14,79.312,512.000,0,0,1,0.850,1,10000,32,10,12,0.600,16,6,50.000,75.000,0.900,16,1.750,0.650,32.000,16
62,2.189100,8.741,47.088,11009086.65,518400,"Always resident",4,0.000000,1,4,0,0,0,0,27749,27749,27749,27741,27741,27741,9751,9751,9751,14,14,79.312,512.000,0,0,1,0.850,1,10000,32,10,12,0.600,16,6,50.000,75.000,0.900,16,1.750,0.650,32.000,16
63,2.214284,18.705,38.697,13396430.60,518400,"Always resident",4,0.000000,1,4,0,0,0,0,27749,27749,27749,27741,27741,27741,9751,9751,9751,14,14,79.312,512.000,0,0,1,0.850,1,10000,32,10,12,0.600,16,6,50.000,75.000,0.900,16,1.750,0.650,32.000,16
64,2.239488,9.638,47.903,10821831.54,518400,"Always resident",4,0.000000,1,4,0,0,0,0,27749,27749,27749,27741,27741,27741,9751,9751,9751,14,14,79.312,512.000,0,0,1,0.850,1,10000,32,10,12,0.600,16,6,50.000,75.000,0.900,16,1.750,0.650,32.000,16
65,2.266974,21.001,41.558,12474270.12,518400,"Always resident",4,0.000000,1,4,0,0,0,0,27749,27749,27749,27741,27741,27741,9751,9751,9751,14,14,79.312,512.000,0,0,1,0.850,1,10000,32,10,12,0.600,16,6,50.000,75.000,0.900,16,1.750,0.650,32.000,16
66,2.292939,11.525,51.372,10091075.66,518400,"Always resident",4,0.000000,1,4,0,0,0,0,27749,27749,27749,27741,27741,27741,9751,9751,9751,14,14,79.312,512.000,0,0,1,0.850,1,10000,32,10,12,0.600,16,6,50.000,75.000,0.900,16,1.750,0.650,32.000,16
67,2.319073,6.734,43.344,11960121.40,518400,"Always resident",4,0.000000,1,4,0,0,0,0,27749,27749,27749,27741,27741,27741,9751,9751,9751,14,14,79.312,512.000,0,0,1,0.850,1,10000,32,10,12,0.600,16,6,50.000,75.000,0.900,16,1.750,0.650,32.000,16
68,2.347021,17.719,38.557,13445189.26,518400,"Always resident",4,0.000000,1,4,0,0,0,0,27749,27749,27749,27741,27741,27741,9751,9751,9751,14,14,79.312,512.000,0,0,1,0.850,1,10000,32,10,12,0.600,16,6,50.000,75.000,0.900,16,1.750,0.650,32.000,16
69,2.373314,9.808,47.957,10809730.64,518400,"Always resident",4,0.000000,1,4,0,0,0,0,27749,27749,27749,27741,27741,27741,9751,9751,9751,14,14,79.312,512.000,0,0,1,0.850,1,10000,32,10,12,0.600,16,6,50.000,75.000,0.900,16,1.750,0.650,32.000,16
70,2.398923,19.927,40.205,12893998.85,518400,"Always resident",4,0.000000,1,4,0,0,0,0,27749,27749,27749,27741,27741,27741,9751,9751,9751,14,14,79.312,512.000,0,0,1,0.850,1,10000,32,10,12,0.600,16,6,50.000,75.000,0.900,16,1.750,0.650,32.000,16
71,2.426273,12.500,51.222,10120733.61,518400,"Always resident",4,0.000000,1,4,0,0,0,0,27749,27749,27749,27741,27741,27741,9751,9751,9751,14,14,79.312,512.000,0,0,1,0.850,1,10000,32,10,12,0.600,16,6,50.000,75.000,0.900,16,1.750,0.650,32.000,16
72,2.451518,6.414,40.904,12673422.24,518400,"Always resident",4,0.000000,1,4,0,0,0,0,27749,27749,27749,27741,27741,27741,9751,9751,9751,14,14,79.312,512.000,0,0,1,0.850,1,10000,32,10,12,0.600,16,6,50.000,75.000,0.900,16,1.750,0.650,32.000,16
73,2.480405,18.984,38.561,13443504.03,518400,"Always resident",4,0.000000,1,4,0,0,0,0,27749,27749,27749,27741,27741,27741,9751,9751,9751,14,14,79.312,512.000,0,0,1,0.850,1,10000,32,10,12,0.600,16,6,50.000,75.000,0.900,16,1.750,0.650,32.000,16
74,2.505417,9.842,47.229,10976365.03,518400,"Always resident",4,0.000000,1,4,0,0,0,0,27749,27749,27749,27741,27741,27741,9751,9751,9751,14,14,79.312,512.000,0,0,1,0.850,1,10000,32,10,12,0.600,16,6,50.000,75.000,0.900,16,1.750,0.650,32.000,16
75,2.533824,21.848,41.956,12355911.75,518400,"Always resident",4,0.000000,1,4,0,0,0,0,27749,27749,27749,27741,27741,27741,9751,9751,9751,14,14,79.312,512.000,0,0,1,0.850,1,10000,32,10,12,0.600,16,6,50.000,75.000,0.900,16,1.750,0.650,32.000,16
76,2.559444,13.514,50.878,10189046.39,518400,"Always resident",4,0.000000,1,4,0,0,0,0,27749,27749,27749,27741,27741,27741,9751,9751,9751,14,14,79.312,512.000,0,0,1,0.850,1,10000,32,10,12,0.600,16,6,50.000,75.000,0.900,16,1.750,0.650,32.000,16
77,2.588437,9.057,46.496,11149346.17,518400,"Always resident",4,0.000000,1,4,0,0,0,0,27749,27749,27749,27741,27741,27741,9751,9751,9751,14,14,79.312,512.000,0,0,1,0.850,1,10000,32,10,12,0.600,16,6,50.000,75.000,0.900,16,1.750,0.650,32.000,16
78,2.622195,26.667,46.727,11094109.47,518400,"Always resident",4,0.000000,1,4,0,0,0,0,27749,27749,27749,27741,27741,27741,9751,9751,9751,14,14,79.312,512.000,0,0,1,0.850,1,10000,32,10,12,0.600,16,6,50.000,75.000,0.900,16,1.750,0.650,32.000,16
79,2.654645,24.889,63.027,8224986.60,518400,"Always resident",4,0.000000,1,4,0,0,0,0,27749,27749,27749,27741,27741,27741,9751,9751,9751,14,14,79.312,512.000,0,0,1,0.850,1,10000,32,10,12,0.600,16,6,50.000,75.000,0.900,16,1.750,0.650,32.000,16
80,2.685829,23.204,60.643,8548419.12,518400,"Always resident",4,0.000000,1,4,0,0,0,0,27749,27749,27749,27741,27741,27741,9751,9751,9751,14,14,79.312,512.000,0,0,1,0.850,1,10000,32,10,12,0.600,16,6,50.000,75.000,0.900,16,1.750,0.650,32.000,16
81,2.716529,22.528,58.319,8889092.12,518400,"Always resident",4,0.000000,1,4,0,0,0,0,27749,27749,27749,27741,27741,27741,9751,9751,9751,14,14,79.312,512.000,0,0,1,0.850,1,10000,32,10,12,0.600,16,6,50.000,75.000,0.900,16,1.750,0.650,32.000,16
82,2.750689,22.348,59.440,8721418.07,518400,"Always resident",4,0.000000,1,4,0,0,0,0,27749,27749,27749,27741,27741,27741,9751,9751,9751,14,14,79.312,512.000,0,0,1,0.850,1,10000,32,10,12,0.600,16,6,50.000,75.000,0.900,16,1.750,0.650,32.000,16
83,2.781939,16.804,56.215,9221737.96,518400,"Always resident",4,0.000000,1,4,0,0,0,0,27749,27749,27749,27741,27741,27741,9751,9751,9751,14,14,79.312,512.000,0,0,1,0.850,1,10000,32,10,12,0.600,16,6,50.000,75.000,0.900,16,1.750,0.650,32.000,16
84,2.814851,16.969,55.641,9316954.37,518400,"Always resident",4,0.000000,1,4,0,0,0,0,27749,27749,27749,27741,27741,27741,9751,9751,9751,14,14,79.312,512.000,0,0,1,0.850,1,10000,32,10,12,0.600,16,6,50.000,75.000,0.900,16,1.750,0.650,32.000,16
85,2.845791,15.727,53.344,9718056.39,518400,"Always resident",4,0.000000,1,4,0,0,0,0,27749,27749,27749,27741,27741,27741,9751,9751,9751,14,14,79.312,512.000,0,0,1,0.850,1,10000,32,10,12,0.600,16,6,50.000,75.000,0.900,16,1.750,0.650,32.000,16
86,2.878703,14.780,52.971,9786502.34,518400,"Always resident",4,0.000000,1,4,0,0,0,0,27749,27749,27749,27741,27741,27741,9751,9751,9751,14,14,79.312,512.000,0,0,1,0.850,1,10000,32,10,12,0.600,16,6,50.000,75.000,0.900,16,1.750,0.650,32.000,16
87,2.908446,10.067,47.241,10973489.72,518400,"Always resident",4,0.000000,1,4,0,0,0,0,27749,27749,27749,27741,27741,27741,9751,9751,9751,14,14,79.312,512.000,0,0,1,0.850,1,10000,32,10,12,0.600,16,6,50.000,75.000,0.900,16,1.750,0.650,32.000,16
88,2.941951,11.011,49.605,10450664.76,518400,"Always resident",4,0.000000,1,4,0,0,0,0,27749,27749,27749,27741,27741,27741,9751,9751,9751,14,14,79.312,512.000,0,0,1,0.850,1,10000,32,10,12,0.600,16,6,50.000,75.000,0.900,16,1.750,0.650,32.000,16
89,2.974270,10.197,48.436,10702755.42,518400,"Always resident",4,0.000000,1,4,0,0,0,0,27749,27749,27749,27741,27741,27741,9751,9751,9751,14,14,79.312,512.000,0,0,1,0.850,1,10000,32,10,12,0.600,16,6,50.000,75.000,0.900,16,1.750,0.650,32.000,16
90,3.006793,27.311,47.549,10902437.48,518400,"Always resident",4,0.000000,1,4,0,0,0,0,27749,27749,27749,27741,27741,27741,9751,9751,9751,14,14,79.312,512.000,0,0,1,0.850,1,10000,32,10,12,0.600,16,6,50.000,75.000,0.900,16,1.750,0.650,32.000,16
91,3.035045,2.988,59.588,8699701.70,518400,"Always resident",4,0.000000,1,4,0,0,0,0,27749,27749,27749,27741,27741,27741,9751,9751,9751,14,14,79.312,512.000,0,0,1,0.850,1,10000,32,10,12,0.600,16,6,50.000,75.000,0.900,16,1.750,0.650,32.000,16
92,3.064476,17.892,38.716,13389640.08,518400,"Always resident",4,0.000000,1,4,0,0,0,0,27749,27749,27749,27741,27741,27741,9751,9751,9751,14,14,79.312,512.000,0,0,1,0.850,1,10000,32,10,12,0.600,16,6,50.000,75.000,0.900,16,1.750,0.650,32.000,16
93,3.095590,16.170,53.695,9654470.29,518400,"Always resident",4,0.000000,1,4,0,0,0,0,27749,27749,27749,27741,27741,27741,9751,9751,9751,14,14,79.312,512.000,0,0,1,0.850,1,10000,32,10,12,0.600,16,6,50.000,75.000,0.900,16,1.750,0.650,32.000,16
94,3.123637,10.553,46.537,11139513.42,518400,"Always resident",4,0.000000,1,4,0,0,0,0,27749,27749,27749,27741,27741,27741,9751,9751,9751,14,14,79.312,512.000,0,0,1,0.850,1,10000,32,10,12,0.600,16,6,50.000,75.000,0.900,16,1.750,0.650,32.000,16
95,3.155836,26.874,47.087,11009456.83,518400,"Always resident",4,0.000000,1,4,0,0,0,0,27749,27749,27749,27741,27741,27741,9751,9751,9751,14,14,79.312,512.000,0,0,1,0.850,1,10000,32,10,12,0.600,16,6,50.000,75.000,0.900,16,1.750,0.650,32.000,16
96,3.183707,3.188,58.349,8884464.68,518400,"Always resident",4,0.000000,1,4,0,0,0,0,27749,27749,27749,27741,27741,27741,9751,9751,9751,14,14,79.312,512.000,0,0,1,0.850,1,10000,32,10,12,0.600,16,6,50.000,75.000,0.900,16,1.750,0.650,32.000,16
97,3.213901,17.918,38.788,13364943.87,518400,"Always resident",4,0.000000,1,4,0,0,0,0,27749,27749,27749,27741,27741,27741,9751,9751,9751,14,14,79.312,512.000,0,0,1,0.850,1,10000,32,10,12,0.600,16,6,50.000,75.000,0.900,16,1.750,0.650,32.000,16
98,3.242867,13.329,50.951,10174506.33,518400,"Always resident",4,0.000000,1,4,0,0,0,0,27749,27749,27749,27741,27741,27741,9751,9751,9751,14,14,79.312,512.000,0,0,1,0.850,1,10000,32,10,12,0.600,16,6,50.000,75.000,0.900,16,1.750,0.650,32.000,16
99,3.274198,11.376,48.983,10583263.58,518400,"Always resident",4,0.000000,1,4,0,0,0,0,27749,27749,27749,27741,27741,27741,9751,9751,9751,14,14,79.312,512.000,0,0,1,0.850,1,10000,32,10,12,0.600,16,6,50.000,75.000,0.900,16,1.750,0.650,32.000,16
100,3.304476,8.522,43.378,11950792.89,518400,"Always resident",4,0.000000,1,4,0,0,0,0,27749,27749,27749,27741,27741,27741,9751,9751,9751,14,14,79.312,512.000,0,0,1,0.850,1,10000,32,10,12,0.600,16,6,50.000,75.000,0.900,16,1.750,0.650,32.000,16
101,3.337225,24.729,45.808,11316728.49,518400,"Always resident",4,0.000000,1,4,0,0,0,0,27749,27749,27749,27741,27741,27741,9751,9751,9751,14,14,79.312,512.000,0,0,1,0.850,1,10000,32,10,12,0.600,16,6,50.000,75.000,0.900,16,1.750,0.650,32.000,16
102,3.369554,17.447,61.419,8440333.36,518400,"Always resident",4,0.000000,1,4,0,0,0,0,27749,27749,27749,27741,27741,27741,9751,9751,9751,14,14,79.312,512.000,0,0,1,0.850,1,10000,32,10,12,0.600,16,6,50.000,75.000,0.900,16,1.750,0.650,32.000,16
103,3.403335,22.044,61.474,8432816.24,518400,"Always resident",4,0.000000,1,4,0,0,0,0,27749,27749,27749,27741,27741,27741,9751,9751,9751,14,14,79.312,512.000,0,0,1,0.850,1,10000,32,10,12,0.600,16,6,50.000,75.000,0.900,16,1.750,0.650,32.000,16
104,3.435200,21.152,60.053,8632416.66,518400,"Always resident",4,0.000000,1,4,0,0,0,0,27749,27749,27749,27741,27741,27741,9751,9751,9751,14,14,79.312,512.000,0,0,1,0.850,1,10000,32,10,12,0.600,16,6,50.000,75.000,0.900,16,1.750,0.650,32.000,16
105,3.470596,24.086,62.376,8310894.36,518400,"Always resident",4,0.000000,1,4,0,0,0,0,27749,27749,27749,27741,27741,27741,9751,9751,9751,14,14,79.312,512.000,0,0,1,0.850,1,10000,32,10,12,0.600,16,6,50.000,75.000,0.900,16,1.750,0.650,32.000,16
106,3.505775,26.270,64.404,8049173.86,518400,"Always resident",4,0.000000,1,4,0,0,0,0,27749,27749,27749,27741,27741,27741,9751,9751,9751,14,14,79.312,512.000,0,0,1,0.850,1,10000,32,10,12,0.600,16,6,50.000,75.000,0.900,16,1.750,0.650,32.000,16
107,3.544995,30.983,70.483,7354965.03,518400,"Always resident",4,0.000000,1,4,0,0,0,0,27749,27749,27749,27741,27741,27741,9751,9751,9751,14,14,79.312,512.000,0,0,1,0.850,1,10000,32,10,12,0.600,16,6,50.000,75.000,0.900,16,1.750,0.650,32.000,16
108,3.580760,11.400,73.172,7084689.30,518400,"Always resident",4,0.000000,1,4,0,0,0,0,27749,27749,27749,27741,27741,27741,9751,9751,9751,14,14,79.312,512.000,0,0,1,0.850,1,10000,32,10,12,0.600,16,6,50.000,75.000,0.900,16,1.750,0.650,32.000,16
109,3.620641,23.539,62.439,8302453.38,518400,"Always resident",4,0.000000,1,4,0,0,0,0,27749,27749,27749,27741,27741,27741,9751,9751,9751,14,14,79.312,512.000,0,0,1,0.850,1,10000,32,10,12,0.600,16,6,50.000,75.000,0.900,16,1.750,0.650,32.000,16
110,3.659553,31.324,67.312,7701392.76,518400,"Always resident",4,0.000000,1,4,0,0,0,0,27749,27749,27749,27741,27741,27741,9751,9751,9751,14,14,79.312,512.000,0,0,1,0.850,1,10000,32,10,12,0.600,16,6,50.000,75.000,0.900,16,1.750,0.650,32.000,16
111,3.696176,17.933,71.689,7231260.13,518400,"Always resident",4,0.000000,1,4,0,0,0,0,27749,27749,27749,27741,27741,27741,9751,9751,9751,14,14,79.312,512.000,0,0,1,0.850,1,10000,32,10,12,0.600,16,6,50.000,75.000,0.900,16,1.750,0.650,32.000,16
112,3.730923,19.204,56.209,9222783.87,518400,"Always resident",4,0.000000,1,4,0,0,0,0,27749,27749,27749,27741,27741,27741,9751,9751,9751,14,14,79.312,512.000,0,0,1,0.850,1,10000,32,10,12,0.600,16,6,50.000,75.000,0.900,16,1.750,0.650,32.000,16
113,3.769624,22.971,61.509,8428052.05,518400,"Always resident",4,0.000000,1,4,0,0,0,0,27749,27749,27749,27741,27741,27741,9751,9751,9751,14,14,79.312,512.000,0,0,1,0.850,1,10000,32,10,12,0.600,16,6,50.000,75.000,0.900,16,1.750,0.650,32.000,16
114,3.807425,27.254,63.193,8203472.71,518400,"Always resident",4,0.000000,1,4,0,0,0,0,27749,27749,27749,27741,27741,27741,9751,9751,9751,14,14,79.312,512.000,0,0,1,0.850,1,10000,32,10,12,0.600,16,6,50.000,75.000,0.900,16,1.750,0.650,32.000,16
115,3.841286,11.891,66.405,7806621.47,518400,"Always resident",4,0.000000,1,4,0,0,0,0,27749,27749,27749,27741,27741,27741,9751,9751,9751,14,14,79.312,512.000,0,0,1,0.850,1,10000,32,10,12,0.600,16,6,50.000,75.000,0.900,16,1.750,0.650,32.000,16
116,3.878143,13.680,53.202,9743994.59,518400,"Always resident",4,0.000000,1,4,0,0,0,0,27749,27749,27749,27741,27741,27741,9751,9751,9751,14,14,79.312,512.000,0,0,1,0.850,1,10000,32,10,12,0.600,16,6,50.000,75.000,0.900,16,1.750,0.650,32.000,16
117,3.910857,14.850,49.837,10401988.50,518400,"Always resident",4,0.000000,1,4,0,0,0,0,27749,27749,27749,27741,27741,27741,9751,9751,9751,14,14,79.312,512.000,0,0,1,0.850,1,10000,32,10,12,0.600,16,6,50.000,75.000,0.900,16,1.750,0.650,32.000,16
118,3.946929,17.590,55.347,9366333.12,518400,"Always resident",4,0.000000,1,4,0,0,0,0,27749,27749,27749,27741,27741,27741,9751,9751,9751,14,14,79.312,512.000,0,0,1,0.850,1,10000,32,10,12,0.600,16,6,50.000,75.000,0.900,16,1.750,0.650,32.000,16
119,3.980144,17.639,55.297,9374872.85,518400,"Always resident",4,0.000000,1,4,0,0,0,0,27749,27749,27749,27741,27741,27741,9751,9751,9751,14,14,79.312,512.000,0,0,1,0.850,1,10000,32,10,12,0.600,16,6,50.000,75.000,0.900,16,1.750,0.650,32.000,16
120,4.015536,19.427,57.356,9038221.53,518400,"Always resident",4,0.000000,1,4,0,0,0,0,27749,27749,27749,27741,27741,27741,9751,9751,9751,14,14,79.312,512.000,0,0,1,0.850,1,10000,32,10,12,0.600,16,6,50.000,75.000,0.900,16,1.750,0.650,32.000,16
121,4.048364,18.725,56.482,9178152.02,518400,"Always resident",4,0.000000,1,4,0,0,0,0,27749,27749,27749,27741,27741,27741,9751,9751,9751,14,14,79.312,512.000,0,0,1,0.850,1,10000,32,10,12,0.600,16,6,50.000,75.000,0.900,16,1.750,0.650,32.000,16
122,4.082787,18.750,57.369,9036186.58,518400,"Always resident",4,0.000000,1,4,0,0,0,0,27749,27749,27749,27741,27741,27741,9751,9751,9751,14,14,79.312,512.000,0,0,1,0.850,1,10000,32,10,12,0.600,16,6,50.000,75.000,0.900,16,1.750,0.650,32.000,16
123,4.115702,17.875,56.686,9145054.70,518400,"Always resident",4,0.000000,1,4,0,0,0,0,27749,27749,27749,27741,27741,27741,9751,9751,9751,14,14,79.312,512.000,0,0,1,0.850,1,10000,32,10,12,0.600,16,6,50.000,75.000,0.900,16,1.750,0.650,32.000,16
124,4.150237,19.402,57.876,8957061.30,518400,"Always resident",4,0.000000,1,4,0,0,0,0,27749,27749,27749,27741,27741,27741,9751,9751,9751,14,14,79.312,512.000,0,0,1,0.850,1,10000,32,10,12,0.600,16,6,50.000,75.000,0.900,16,1.750,0.650,32.000,16
125,4.181929,18.949,54.672,9481943.94,518400,"Always resident",4,0.000000,1,4,0,0,0,0,27749,27749,27749,27741,27741,27741,9751,9751,9751,14,14,79.312,512.000,0,0,1,0.850,1,10000,32,10,12,0.600,16,6,50.000,75.000,0.900,16,1.750,0.650,32.000,16
126,4.215709,18.923,56.777,9130457.75,518400,"Always resident",4,0.000000,1,4,0,0,0,0,27749,27749,27749,27741,27741,27741,9751,9751,9751,14,14,79.312,512.000,0,0,1,0.850,1,10000,32,10,12,0.600,16,6,50.000,75.000,0.900,16,1.750,0.650,32.000,16
127,4.247457,16.743,51.980,9973066.55,518400,"Always resident",4,0.000000,1,4,0,0,0,0,27749,27749,27749,27741,27741,27741,9751,9751,9751,14,14,79.312,512.000,0,0,1,0.850,1,10000,32,10,12,0.600,16,6,50.000,75.000,0.900,16,1.750,0.650,32.000,16
128,4.281391,17.183,55.689,9308819.27,518400,"Always resident",4,0.000000,1,4,0,0,0,0,27749,27749,27749,27741,27741,27741,9751,9751,9751,14,14,79.312,512.000,0,0,1,0.850,1,10000,32,10,12,0.600,16,6,50.000,75.000,0.900,16,1.750,0.650,32.000,16
129,4.312330,16.330,50.720,10220794.99,518400,"Always resident",4,0.000000,1,4,0,0,0,0,27749,27749,27749,27741,27741,27741,9751,9751,9751,14,14,79.312,512.000,0,0,1,0.850,1,10000,32,10,12,0.600,16,6,50.000,75.000,0.900,16,1.750,0.650,32.000,16
130,4.345649,14.122,53.532,9683904.76,518400,"Always resident",4,0.000000,1,4,0,0,0,0,27749,27749,27749,27741,27741,27741,9751,9751,9751,14,14,79.312,512.000,0,0,1,0.850,1,10000,32,10,12,0.600,16,6,50.000,75.000,0.900,16,1.750,0.650,32.000,16
131,4.376942,11.807,48.611,10664362.64,518400,"Always resident",4,0.000000,1,4,0,0,0,0,27749,27749,27749,27741,27741,27741,9751,9751,9751,14,14,79.312,512.000,0,0,1,0.850,1,10000,32,10,12,0.600,16,6,50.000,75.000,0.900,16,1.750,0.650,32.000,16
132,4.410205,12.658,51.022,10160414.27,518400,"Always resident",4,0.000000,1,4,0,0,0,0,27749,27749,27749,27741,27741,27741,9751,9751,9751,14,14,79.312,512.000,0,0,1,0.850,1,10000,32,10,12,0.600,16,6,50.000,75.000,0.900,16,1.750,0.650,32.000,16
133,4.485694,54.759,93.184,5563179.35,518400,"Always resident",4,0.000000,1,4,0,0,0,0,27749,27749,27749,27741,27741,27741,9751,9751,9751,14,14,79.312,512.000,0,0,1,0.850,1,10000,32,10,12,0.600,16,6,50.000,75.000,0.900,16,1.750,0.650,32.000,16
134,4.567642,72.293,141.687,3658772.20,518400,"Always resident",4,0.000000,1,4,0,0,0,0,27749,27749,27749,27741,27741,27741,9751,9751,9751,14,14,79.312,512.000,0,0,1,0.850,1,10000,32,10,12,0.600,16,6,50.000,75.000,0.900,16,1.750,0.650,32.000,16
135,4.642921,61.365,151.081,3431266.29,518400,"Always resident",4,0.000000,1,4,0,0,0,0,27749,27749,27749,27741,27741,27741,9751,9751,9751,14,14,79.312,512.000,0,0,1,0.850,1,10000,32,10,12,0.600,16,6,50.000,75.000,0.900,16,1.750,0.650,32.000,16
136,4.911220,246.977,335.522,1545054.59,518400,"Always resident",4,0.000000,1,4,0,0,0,0,27749,27749,27749,27741,27741,27741,9751,9751,9751,14,14,79.312,512.000,0,0,0,0.850,1,10000,32,10,12,0.600,16,6,50.000,75.000,0.900,16,1.750,0.650,32.000,16
137,5.140515,210.447,480.170,1079616.79,518400,"Always resident",4,0.000000,1,4,0,0,0,0,27749,27749,27749,27741,27741,27741,9751,9751,9751,14,14,79.312,512.000,0,0,0,0.850,1,10000,32,10,12,0.600,16,6,50.000,75.000,0.900,16,1.750,0.650,32.000,16
138,5.380932,216.302,454.623,1140285.78,518400,"Always resident",4,0.000000,1,4,0,0,0,0,27749,27749,27749,27741,27741,27741,9751,9751,9751,14,14,79.312,512.000,0,0,0,0.850,1,10000,32,10,12,0.600,16,6,50.000,75.000,0.900,16,1.750,0.650,32.000,16
